,image_url,name,name_alphabet
0,http://makiya22.com/wp-content/uploads/2017/06/inaba_hikaru_R.jpg,稲葉 光,inaba_hikaru
1,http://makiya22.com/wp-content/uploads/2017/06/fukusi_nobuki_R.jpg,福士 申樹,fukusi_nobuki
2,http://makiya22.com/wp-content/uploads/2017/06/akiyama_taiga_R.jpg,秋山 大河,akiyama_taiga
3,http://makiya22.com/wp-content/uploads/2017/06/tomioka_kento_R.jpg,冨岡 健翔,tomioka_kento
4,http://makiya22.com/wp-content/uploads/2017/06/koshioka_yuki_R.jpg,越岡 裕貴,koshioka_yuki
5,http://makiya22.com/wp-content/uploads/2017/06/matuzaki_yusuke_R.jpg,松崎 祐介,matuzaki_yusuke
6,http://makiya22.com/wp-content/uploads/2017/06/fukuda_yuta_R.jpg,福田 悠太,fukuda_yuta
7,http://makiya22.com/wp-content/uploads/2017/06/fukazawa_tatuya_R.jpg,深澤 辰哉,fukazawa_tatuya
8,http://makiya22.com/wp-content/uploads/2017/06/sakuma_daisuke_R.jpg,佐久間 大介,sakuma_daisuke
9,http://makiya22.com/wp-content/uploads/2017/06/watanabe_syota_R.jpg,渡辺 翔太,watanabe_syota
10,http://makiya22.com/wp-content/uploads/2017/06/miyadate_ryota_R.jpg,宮舘 涼太,miyadate_ryota
11,http://makiya22.com/wp-content/uploads/2017/06/miyamoto_hikaru_R.jpg,岩本 照,miyamoto_hikaru
12,http://makiya22.com/wp-content/uploads/2017/06/abe_ryohei_R.jpg,阿部 亮平,abe_ryohei
13,http://makiya22.com/wp-content/uploads/2017/06/kawasima_noeru_R.jpg,川島 如恵留,kawasima_noeru
14,http://makiya22.com/wp-content/uploads/2017/06/simekake_tatuya_R.jpg,七五三掛 龍也,simekake_tatuya
15,http://makiya22.com/wp-content/uploads/2017/06/morita_myuto_R.jpg,森田 美勇人,morita_myuto
16,http://makiya22.com/wp-content/uploads/2017/06/yosizawa_sizuya_R.jpg,吉澤 閑也,yosizawa_sizuya
17,http://makiya22.com/wp-content/uploads/2017/06/nakamura_kaito_R.jpg,中村 海人,nakamura_kaito
18,http://makiya22.com/wp-content/uploads/2017/06/miyatika_kaito_R.jpg,宮近 海斗,miyatika_kaito
19,http://makiya22.com/wp-content/uploads/2017/06/kajiyama_asahi_R.jpg,梶山 朝日,kajiyama_asahi
20,http://makiya22.com/wp-content/uploads/2017/06/kouti_yugo_R.jpg,髙地 優吾,kouti_yugo
21,http://makiya22.com/wp-content/uploads/2017/06/kyomoto_taoga_R.jpg,京本 大我,kyomoto_taoga
22,http://makiya22.com/wp-content/uploads/2017/06/tanaka_zyuri_R.jpg,田中 樹,tanaka_zyuri
23,http://makiya22.com/wp-content/uploads/2017/06/matumura_hokuto_R.jpg,松村 北斗,matumura_hokuto
24,http://makiya22.com/wp-content/uploads/2017/06/jesi-_R.jpg,ジェシー,jesi-
25,http://makiya22.com/wp-content/uploads/2017/06/morimoto_sintaro_R.jpg,森本 慎太郎,morimoto_sintaro
26,http://makiya22.com/wp-content/uploads/2017/06/hirano_syo_R.jpg,平野 紫耀,hirano_syo
27,http://makiya22.com/wp-content/uploads/2017/06/nagase_ren_R.jpg,永瀬 廉,nagase_ren
28,http://makiya22.com/wp-content/uploads/2017/06/takahashi_kaito_R.jpg,髙橋 海人,takahashi_kaito
29,http://makiya22.com/wp-content/uploads/2017/06/kishi_yuta_R.jpg,岸 優太,kishi_yuta
30,http://makiya22.com/wp-content/uploads/2017/06/hiwahashi_genki_R.jpg,岩橋 玄樹,hiwahashi_genki
31,http://makiya22.com/wp-content/uploads/2017/06/jinguji_yuta_R.jpg,神宮寺 勇太,jinguji_yuta
32,http://makiya22.com/wp-content/uploads/2017/06/hashimoto_ryo_R.jpg,橋本 涼,hashimoto_ryo
33,http://makiya22.com/wp-content/uploads/2017/06/inoue_mizuki_R.jpg,井上 瑞稀,inoue_mizuki
34,http://makiya22.com/wp-content/uploads/2017/06/igari_souya_R.jpg,猪狩 蒼弥,igari_souya
35,http://makiya22.com/wp-content/uploads/2017/06/takahashi_yuto_R.jpg,髙橋 優斗,takahashi_yuto
36,http://makiya22.com/wp-content/uploads/2017/06/takahashi_katuki_R.jpg,本髙 克樹,takahashi_katuki
37,http://makiya22.com/wp-content/uploads/2017/06/kimura_ryota_R.jpg,村木 亮太,kimura_ryota
38,http://makiya22.com/wp-content/uploads/2017/06/suda_rinne_R.jpg,菅田 琳寧,suda_rinne
39,http://makiya22.com/wp-content/uploads/2017/06/yasui_kentaro_R.jpg,安井 謙太郎,yasui_kentaro
40,http://makiya22.com/wp-content/uploads/2017/06/sanada_yuma_R.jpg,真田 佑馬,sanada_yuma
41,http://makiya22.com/wp-content/uploads/2017/06/morohoshi_syoki_R.jpg,諸星 翔希,morohoshi_syoki
42,http://makiya22.com/wp-content/uploads/2017/06/hagiya_keigo_R.jpg,萩谷 慧悟,hagiya_keigo
43,http://makiya22.com/wp-content/uploads/2017/06/abe_aran_R.jpg,阿部 顕嵐,abe_aran
44,http://makiya22.com/wp-content/uploads/2017/06/nagatuma_reo_R.jpg,長妻 怜央,nagatuma_reo
45,http://makiya22.com/wp-content/uploads/2017/06/yamamoto_ryota_R.jpg,山本 亮太,yamamoto_ryota
46,http://makiya22.com/wp-content/uploads/2017/06/eta_tuyoshi_R.jpg,江田 剛,eta_tuyoshi
47,http://makiya22.com/wp-content/uploads/2017/06/hayashi_syota_R.jpg,林 翔太,hayashi_syota
48,http://makiya22.com/wp-content/uploads/2017/06/matumoto_kota_R.jpg,松本 幸大,matumoto_kota
49,http://makiya22.com/wp-content/uploads/2017/06/meguro_ren_R.jpg,目黒 蓮,meguro_ren
50,http://makiya22.com/wp-content/uploads/2017/06/hara_yoshitaka_R.jpg,原 嘉孝,hara_yoshitaka
51,http://makiya22.com/wp-content/uploads/2017/06/fuji_naoki_R.jpg,藤井 直樹,fuji_naoki
52,http://makiya22.com/wp-content/uploads/2017/06/nasu_yuto_R.jpg,那須 雄登,nasu_yuto
53,http://makiya22.com/wp-content/uploads/2017/06/ukisyo_hidaka_R.jpg,浮所 飛貴,ukisyo_hidaka
54,http://makiya22.com/wp-content/uploads/2017/06/iwasaki_taisyo_R.jpg,岩﨑 大昇,iwasaki_taisyo
55,http://makiya22.com/wp-content/uploads/2017/06/sato_ryuga_R.jpg,佐藤 龍我,sato_ryuga
56,http://makiya22.com/wp-content/uploads/2017/06/kanasasi_issei_R.jpg,金指 一世,kanasasi_issei
